athleteLabel,countryLabel,sportLabel
Bernd Kannenberg,Germany,athletics
Dieter Thoma,Germany,ski jumping
Alfred Schwarzmann,Germany,artistic gymnastics
Gerhard Stöck,Germany,athletics
Karl Hein,Germany,athletics
Karlheinz Förster,France,association football
Karlheinz Förster,Germany,association football
Hans Günter Winkler,Germany,equestrian sport
Hans Günter Winkler,West Germany,equestrian sport
Eike Immel,Germany,association football
Rudi Altig,Germany,road bicycle racing
Rudi Altig,West Germany,road bicycle racing
Meredith Michaels-Beerbaum,United States,equestrian sport
Meredith Michaels-Beerbaum,Germany,equestrian sport
Henry Maske,Germany,boxing
Henry Maske,German Democratic Republic,boxing
Ingrid Becker,Germany,athletics
Severin Freund,Germany,ski jumping
Ernst Baier,Germany,figure skating
Frank Luck,Germany,biathlon
Frank Luck,German Democratic Republic,biathlon
Jaroslav Špaček,Czech Republic,ice hockey
Frank Ullrich,Germany,biathlon
Frank Ullrich,German Democratic Republic,biathlon
Wolfgang Güllich,Germany,big wall climbing
Wolfgang Güllich,Germany,free solo climbing
Wolfgang Güllich,Germany,sport climbing
Wolfgang Güllich,Germany,traditional climbing
Jens Lehmann,Germany,track cycling
Jens Lehmann,German Democratic Republic,track cycling
Maxi Herber,Germany,figure skating
Silke Spiegelburg,Germany,athletics
Christoph Langen,Germany,bobsleigh
Lilli Schwarzkopf,Germany,athletics
Lilli Schwarzkopf,Soviet Union,athletics
Andreas Birnbacher,Germany,biathlon
Dennis Kipruto Kimetto,Kenya,athletics
Patriz Ilg,Germany,athletics
Richard Adjei,Germany,bobsleigh
Dieter Braun,Germany,auto racing
Dieter Braun,Germany,motorcycle sport
Anja Mittag,Germany,association football
Anja Mittag,German Democratic Republic,association football
Marion Wagner,Germany,athletics
Manfred Schnelldorfer,Germany,figure skating
Hermann Paul Müller,Germany,auto racing
Hermann Paul Müller,Germany,motorcycle sport
Fouad Abiad,Canada,professional bodybuilding
Stéphane Franke,France,athletics
Stéphane Franke,Germany,athletics
